{
  "_saved": "2026-05-28 23:17:45",
  "data": {
    "config": {
      "s2": 2.0,
      "B": 4.0,
      "T": 5.0,
      "dps": 120
    },
    "lambda_star": 1.2705038278243628,
    "Ns": [
      16,
      32,
      64,
      128,
      256,
      512,
      1024,
      2048,
      4096,
      8192,
      16384,
      32768,
      65536
    ],
    "curves": {
      "0": {
        "lam": 0.0,
        "C": -11.931471764376381,
        "Ns": [
          16,
          32,
          64,
          128,
          256,
          512,
          1024,
          2048,
          4096,
          8192,
          16384,
          32768,
          65536
        ],
        "KL": [
          0.02036138225718675,
          0.006543405468120413,
          0.0018759710627131267,
          0.000504001888624489,
          0.00013074633076918775,
          3.330506284572817e-05,
          8.405226955028432e-06,
          2.1112824929526944e-06,
          5.290742691252787e-07,
          1.3242569273053343e-07,
          3.3126090172099907e-08,
          8.28398256336729e-09,
          2.0713032463755757e-09
        ],
        "theory_N2": [
          0.034755863882839556,
          0.008688965970709889,
          0.0021722414926774723,
          0.0005430603731693681,
          0.00013576509329234202,
          3.3941273323085504e-05,
          8.485318330771376e-06,
          2.121329582692844e-06,
          5.30332395673211e-07,
          1.3258309891830275e-07,
          3.314577472957569e-08,
          8.286443682393922e-09,
          2.0716109205984805e-09
        ],
        "orders": [
          1.6377219273411676,
          1.802404097270221,
          1.8961365291240293,
          1.9466586802598538,
          1.9729570502712173,
          1.986382823988307,
          1.9931671486498925,
          1.9965774656199824,
          1.9982872002362737,
          1.9991432162975737,
          1.9995715121088509,
          1.9997857320338324
        ],
        "order_tail": 1.9997857320338324
      },
      "1": {
        "lam": 1.0,
        "C": -3.8629436524219782,
        "Ns": [
          16,
          32,
          64,
          128,
          256,
          512,
          1024,
          2048,
          4096,
          8192,
          16384,
          32768,
          65536
        ],
        "KL": [
          0.00037139707561673166,
          0.00041980630547862335,
          0.00016132833649104916,
          4.8308041998006756e-05,
          1.3133659545175244e-05,
          3.4193024120347558e-06,
          8.720522178939174e-07,
          2.2018151465565476e-07,
          5.531738493259789e-08,
          1.3863406405341377e-08,
          3.4701128375361974e-09,
          8.680610961669618e-10,
          2.1708189940854898e-10
        ],
        "theory_N2": [
          0.003643147866647279,
          0.0009107869666618197,
          0.00022769674166545493,
          5.692418541636373e-05,
          1.4231046354090933e-05,
          3.5577615885227333e-06,
          8.894403971306833e-07,
          2.2236009928267083e-07,
          5.559002482066771e-08,
          1.3897506205166927e-08,
          3.4743765512917317e-09,
          8.685941378229329e-10,
          2.1714853445573323e-10
        ],
        "orders": [
          -0.17676138050395138,
          1.3797239733299071,
          1.7396645783643463,
          1.878994416377977,
          1.9414950336022092,
          1.971215593831525,
          1.985721172697303,
          1.9928884910683773,
          1.996451167788749,
          1.9982273077774018,
          1.9991140840281023,
          1.9995571494452138
        ],
        "order_tail": 1.9995571494452138
      },
      "2": {
        "lam": 2.0,
        "C": 13.263117777075417,
        "Ns": [
          16,
          32,
          64,
          128,
          256,
          512,
          1024,
          2048,
          4096,
          8192,
          16384,
          32768,
          65536
        ],
        "KL": [
          95739.19117766249,
          0.026210962347656224,
          0.0039230813850782585,
          0.0008017565647639215,
          0.0001828985683559814,
          4.376474451346432e-05,
          1.0709100308111705e-05,
          2.6490256285538954e-06,
          6.587714828717384e-07,
          1.6426010612873898e-07,
          4.1011107908064596e-08,
          1.0246048170058576e-08,
          2.5606716292690197e-09
        ],
        "theory_N2": [
          0.042946848918108876,
          0.010736712229527219,
          0.0026841780573818048,
          0.0006710445143454512,
          0.0001677611285863628,
          4.19402821465907e-05,
          1.0485070536647675e-05,
          2.6212676341619187e-06,
          6.553169085404797e-07,
          1.6382922713511992e-07,
          4.095730678377998e-08,
          1.0239326695944995e-08,
          2.5598316739862488e-09
        ],
        "orders": [
          21.800507863422425,
          2.740111154032897,
          2.2907510981306656,
          2.1321204790761854,
          2.0632027288427097,
          2.030931866812462,
          2.015303575081028,
          2.0076117917850738,
          2.0037959692165597,
          2.00189551185251,
          2.0009471388440856,
          2.0004734152893886
        ],
        "order_tail": 2.0004734152893886
      },
      "lstar": {
        "lam": 1.2705038278243628,
        "C": 4.660590672956382e-60,
        "Ns": [
          16,
          32,
          64,
          128,
          256,
          512,
          1024,
          2048,
          4096,
          8192,
          16384,
          32768,
          65536
        ],
        "KL": [
          0.00434497902843452,
          0.00016870580175960015,
          8.926141844894155e-06,
          5.186491930582762e-07,
          3.131855283631508e-08,
          1.9248643611077507e-09,
          1.1931219828590191e-10,
          7.426397684117754e-12,
          4.631989725899952e-13,
          2.8920310922983244e-14,
          1.8065950589527744e-15,
          1.1288332638140442e-16,
          7.054306215163003e-18
        ],
        "theory_N2": [
          5.3030042531367235e-123,
          1.3257510632841809e-123,
          3.3143776582104522e-124,
          8.285944145526131e-125,
          2.0714860363815326e-125,
          5.1787150909538316e-126,
          1.2946787727384579e-126,
          3.2366969318461447e-127,
          8.091742329615362e-128,
          2.0229355824038405e-128,
          5.057338956009601e-129,
          1.2643347390024003e-129,
          3.1608368475060007e-130
        ],
        "orders": [
          4.686767720122648,
          4.240329045684265,
          4.105205777426203,
          4.049669594617382,
          4.024188857797414,
          4.011943332900524,
          4.0059351654705635,
          4.0029586152443635,
          4.001477085389698,
          4.000737989587032,
          4.00036885682256,
          4.000184393956774
        ],
        "order_tail": 4.000184393956774
      }
    }
  }
}