{
  "_saved": "2026-05-28 23:24:29",
  "data": {
    "config": {
      "s2": 2.0,
      "B": 4.0,
      "T": 5.0,
      "dps": 70,
      "N1": 512,
      "N2": 8192
    },
    "lambda_star": 1.2705038278243628,
    "lams": [
      0.0,
      0.020168067226890754,
      0.04033613445378151,
      0.06050420168067226,
      0.08067226890756302,
      0.10084033613445377,
      0.12100840336134452,
      0.1411764705882353,
      0.16134453781512603,
      0.18151260504201677,
      0.20168067226890754,
      0.2218487394957983,
      0.24201680672268905,
      0.2621848739495798,
      0.2823529411764706,
      0.3025210084033613,
      0.32268907563025206,
      0.3428571428571428,
      0.36302521008403354,
      0.38319327731092434,
      0.4033613445378151,
      0.4235294117647058,
      0.4436974789915966,
      0.46386554621848736,
      0.4840336134453781,
      0.5042016806722689,
      0.5243697478991596,
      0.5445378151260504,
      0.5647058823529412,
      0.5848739495798319,
      0.6050420168067226,
      0.6252100840336133,
      0.6453781512605041,
      0.6655462184873949,
      0.6857142857142856,
      0.7058823529411764,
      0.7260504201680671,
      0.7462184873949579,
      0.7663865546218487,
      0.7865546218487394,
      0.8067226890756302,
      0.826890756302521,
      0.8470588235294116,
      0.8672268907563024,
      0.8873949579831932,
      0.9075630252100839,
      0.9277310924369747,
      0.9478991596638654,
      0.9680672268907562,
      0.988235294117647,
      1.0084033613445378,
      1.0285714285714285,
      1.0487394957983192,
      1.06890756302521,
      1.0890756302521007,
      1.1092436974789914,
      1.1294117647058823,
      1.149579831932773,
      1.1697478991596637,
      1.1899159663865544,
      1.2100840336134453,
      1.230252100840336,
      1.2504201680672267,
      1.2705882352941176,
      1.2907563025210083,
      1.310924369747899,
      1.3310924369747898,
      1.3512605042016805,
      1.3714285714285712,
      1.3915966386554621,
      1.4117647058823528,
      1.4319327731092435,
      1.4521008403361342,
      1.472268907563025,
      1.4924369747899158,
      1.5126050420168065,
      1.5327731092436974,
      1.552941176470588,
      1.5731092436974787,
      1.5932773109243696,
      1.6134453781512603,
      1.633613445378151,
      1.653781512605042,
      1.6739495798319326,
      1.6941176470588233,
      1.7142857142857142,
      1.7344537815126049,
      1.7546218487394956,
      1.7747899159663865,
      1.7949579831932772,
      1.8151260504201678,
      1.8352941176470585,
      1.8554621848739494,
      1.8756302521008401,
      1.8957983193277308,
      1.9159663865546217,
      1.9361344537815124,
      1.956302521008403,
      1.976470588235294,
      1.9966386554621847,
      2.0168067226890756,
      2.0369747899159663,
      2.057142857142857,
      2.0773109243697476,
      2.0974789915966383,
      2.117647058823529,
      2.13781512605042,
      2.157983193277311,
      2.1781512605042015,
      2.198319327731092,
      2.218487394957983,
      2.2386554621848735,
      2.2588235294117647,
      2.2789915966386554,
      2.299159663865546,
      2.3193277310924367,
      2.3394957983193274,
      2.359663865546218,
      2.379831932773109,
      2.4
    ],
    "orders": [
      1.993603659623614,
      1.9936052642765691,
      1.9936099527713325,
      1.9936173595274462,
      1.9936269103039508,
      1.9936378713965348,
      1.9936494118927617,
      1.993660672842783,
      1.993670836293954,
      1.9936791869870034,
      1.9936851602269328,
      1.9936883709878384,
      1.993688621511097,
      1.993685887230257,
      1.993680283464262,
      1.9936720176074327,
      1.9936613331781083,
      1.9936484528082432,
      1.9936335269319103,
      1.9936165936067551,
      1.993597552817196,
      1.993576156156169,
      1.9935520104261315,
      1.9935245918564337,
      1.9934932665732739,
      1.9934573127523267,
      1.9934159404155898,
      1.9933683058559057,
      1.9933135188894673,
      1.9932506422802854,
      1.993178683560442,
      1.9930965799907374,
      1.9930031775591437,
      1.9928972047506115,
      1.9927772414213254,
      1.9926416825535367,
      1.9924886960125932,
      1.9923161727007164,
      1.9921216666872363,
      1.9919023219338823,
      1.9916547810202663,
      1.9913750696448387,
      1.9910584483858642,
      1.990699219887407,
      1.9902904747179548,
      1.9898237517268498,
      1.989288577305697,
      1.9886718300289974,
      1.9879568483161187,
      1.9871221511565418,
      1.9861395609595585,
      1.9849713750348832,
      1.9835659712687745,
      1.9818507338833624,
      1.9797201765861725,
      1.9770149734904865,
      1.9734825883015727,
      1.9686974298340665,
      1.9618819397274694,
      1.9514477440351294,
      1.9335650691622028,
      1.89604306535827,
      1.7676495866974857,
      3.865694907455096,
      2.1735230420292497,
      2.0944700099358093,
      2.0657277419974633,
      2.0508991734358037,
      2.0418813518045416,
      2.0358416733820235,
      2.031531807655756,
      2.0283158809276016,
      2.025835887032665,
      2.023874850396486,
      2.022293605519262,
      2.0209987877751265,
      2.019925424822334,
      2.0190269074844935,
      2.0182689313322393,
      2.0176256883782218,
      2.0170773907196304,
      2.0166086125680653,
      2.016207151597492,
      2.015863229249761,
      2.015568917842413,
      2.0153177228214587,
      2.015104273258824,
      2.0149240892269176,
      2.014773404658239,
      2.0146490308409275,
      2.0145482500755993,
      2.0144687319949974,
      2.0144084671054356,
      2.0143657135524475,
      2.014338954139489,
      2.0143268613677416,
      2.014328268803566,
      2.0143421474768,
      2.014367586308185,
      2.0144037757858384,
      2.0144499942786473,
      2.014505596502806,
      2.0145700037565386,
      2.0146426956147634,
      2.0147232028353543,
      2.014811101275789,
      2.0149060066562754,
      2.015007570035136,
      2.01511547388602,
      2.015229428685639,
      2.015349169936232,
      2.01547445555953,
      2.0156050636093155,
      2.015740790258077,
      2.015881448020243,
      2.0160268641802213,
      2.016176879398263,
      2.0163313464711394,
      2.0164901292279813,
      2.0166531015444105
    ],