{
  "_saved": "2026-05-29 00:08:20",
  "data": {
    "config": {
      "s2": 2.0,
      "dps": 35
    },
    "Bs": [
      1.0,
      2.875,
      4.75,
      6.625,
      8.5,
      10.375,
      12.25,
      14.125,
      16.0
    ],
    "Ts": [
      2.0,
      6.75,
      11.5,
      16.25,
      21.0,
      25.75,
      30.5,
      35.25,
      40.0
    ],
    "lambda_star_grid": [
      [
        1.3399166704935999,
        1.2705634874092477,
        1.270503855872435,
        1.2705038278374547,
        1.270503827824338,
        1.270503827824332,
        1.270503827824332,
        1.270503827824332,
        1.270503827824332
      ],
      [
        1.2708006924938062,
        1.2705038278244123,
        1.270503827824332,
        1.270503827824332,
        1.270503827824332,
        1.270503827824332,
        1.270503827824332,
        1.270503827824332,
        1.270503827824332
      ],
      [
        1.2705045355398308,
        1.270503827824332,
        1.270503827824332,
        1.270503827824332,
        1.270503827824332,
        1.270503827824332,
        1.270503827824332,
        1.270503827824332,
        1.270503827824332
      ],
      [
        1.2705038294881845,
        1.270503827824332,
        1.270503827824332,
        1.270503827824332,
        1.270503827824332,
        1.270503827824332,
        1.270503827824332,
        1.270503827824332,
        1.270503827824332
      ],
      [
        1.2705038278282426,
        1.270503827824332,
        1.270503827824332,
        1.270503827824332,
        1.270503827824332,
        1.270503827824332,
        1.270503827824332,
        1.270503827824332,
        1.270503827824332
      ],
      [
        1.270503827824341,
        1.270503827824332,
        1.270503827824332,
        1.270503827824332,
        1.270503827824332,
        1.270503827824332,
        1.270503827824332,
        1.270503827824332,
        1.270503827824332
      ],
      [
        1.270503827824332,
        1.270503827824332,
        1.270503827824332,
        1.270503827824332,
        1.270503827824332,
        1.270503827824332,
        1.270503827824332,
        1.270503827824332,
        1.270503827824332
      ],
      [
        1.270503827824332,
        1.270503827824332,
        1.270503827824332,
        1.270503827824332,
        1.270503827824332,
        1.270503827824332,
        1.270503827824332,
        1.270503827824332,
        1.270503827824332
      ],
      [
        1.270503827824332,
        1.270503827824332,
        1.270503827824332,
        1.270503827824332,
        1.270503827824332,
        1.270503827824332,
        1.270503827824332,
        1.270503827824332,
        1.270503827824332
      ]
    ],
    "mean": 1.2713651871375198,
    "std": 0.007664361397901101,
    "min": 1.270503827824332,
    "max": 1.3399166704935999,
    "rel_spread": 0.05459709245740089
  }
}