{
  "_saved": "2026-05-29 00:44:51",
  "data": {
    "config": {
      "B": 4.0,
      "T": 5.0,
      "dps": 60,
      "N1": 1024,
      "N2": 8192
    },
    "spectra": {
      "degenerate_2.0": {
        "spectrum": [
          2.0,
          2.0,
          2.0,
          2.0
        ],
        "per_mode_lambda_star": [
          1.2705038278243628,
          1.2705038278243628,
          1.2705038278243628,
          1.2705038278243628
        ],
        "degenerate": true,
        "K_at_dagger": 3.896469262309524e-27,
        "lambda_dagger": 1.2705038278243708,
        "order_at_dagger": 4.003456955349344,
        "order_at_common_lstar": 4.0034569553682084
      },
      "two_level": {
        "spectrum": [
          1.5,
          1.5,
          4.0,
          4.0
        ],
        "per_mode_lambda_star": [
          0.9212496048929779,
          0.9212496048929779,
          2.137985797498613,
          2.137985797498613
        ],
        "degenerate": false,
        "K_at_dagger": 5.977405098182405,
        "lambda_dagger": 1.0117671283267036,
        "order_at_dagger": 1.9953234514247118
      },
      "geometric": {
        "spectrum": [
          1.5,
          2.25,
          3.375,
          5.0625
        ],
        "per_mode_lambda_star": [
          0.9212496048929779,
          1.410312230025831,
          1.9113300905687014,
          2.4752790007210894
        ],
        "degenerate": false,
        "K_at_dagger": 6.248786865818125,
        "lambda_dagger": 1.1439883069852539,
        "order_at_dagger": 1.9951250096850612
      },
      "wide": {
        "spectrum": [
          1.2,
          2.0,
          8.0,
          32.0
        ],
        "per_mode_lambda_star": [
          0.6025440381654599,
          1.2705038278243628,
          3.2277409776809254,
          6.73900361432617
        ],
        "degenerate": false,
        "K_at_dagger": 6.136000705851763,
        "lambda_dagger": 0.7892923500358333,
        "order_at_dagger": 1.9936603732006442
      }
    }
  }
}