{
  "_saved": "2026-05-29 00:48:34",
  "data": {
    "config": {
      "dps": 70,
      "N1": 512,
      "N2": 8192
    },
    "schedules": {
      "VP_const(B=4)": {
        "C0": -11.931471377006847,
        "has_root": true,
        "lambda_star": 1.270503816002336,
        "order_at_star": 4.005600482493802,
        "order_at_1": 1.9865691063464885
      },
      "VP_ramp(B0=2,B1=1)": {
        "C0": -6.109326591091117,
        "has_root": true,
        "lambda_star": 1.1106651620473804,
        "order_at_star": 4.002419527232274,
        "order_at_1": 1.9811344376132978
      },
      "VE_linear(c=1.0)": {
        "C0": 0.8928571428411202,
        "has_root": false
      },
      "VE_quad(c=0.3)": {
        "C0": -2.90822159244222,
        "has_root": true,
        "lambda_star": 1.0935386317701181,
        "order_at_star": 4.000160001397231,
        "order_at_1": 1.9855114522434598
      }
    }
  }
}