{
  "_saved": "2026-05-29 10:47:56",
  "data": {
    "config": {
      "s2": 2.0,
      "B": 4.0,
      "T": 5.0,
      "dps": 80,
      "N1": 512,
      "N2": 8192
    },
    "lambda_star_EM": 1.2705038278243628,
    "consistency_continuous_KL": 5.5159673853052154e-151,
    "EM_orders": {
      "0.0": 1.993603659623614,
      "1.0": 1.9865691063464885,
      "1.2705038278243628": 4.005578549751141
    },
    "Heun_orders": {
      "0.0": 3.9802922291310594,
      "1.0": 3.993773372307157,
      "1.2705038278243628": 3.998188421093363
    },
    "Heun_C2_scan": {
      "lams": [
        0.0,
        0.125,
        0.25,
        0.375,
        0.5,
        0.625,
        0.75,
        0.875,
        1.0,
        1.125,
        1.25,
        1.375,
        1.5,
        1.625,
        1.75,
        1.875,
        2.0,
        2.125,
        2.25,
        2.375,
        2.5,
        2.625,
        2.75,
        2.875,
        3.0,
        3.125,
        3.25,
        3.375,
        3.5,
        3.625,
        3.75,
        3.875,
        4.0,
        4.125,
        4.25,
        4.375,
        4.5,
        4.625,
        4.75,
        4.875,
        5.0
      ],
      "C2": [
        7.58037023809238,
        8.77614316050474,
        12.168447147866742,
        17.249508736369986,
        23.377459416142194,
        29.950218707003298,
        36.505225956616485,
        42.741294015993056,
        48.49408644448094,
        53.69677065399859,
        58.34379670071175,
        62.46392996200543,
        66.10246921550582,
        69.31048893578259,
        72.13881547014888,
        74.63495678024532,
        76.84177353192065,
        78.79712460578186,
        80.53402447284128,
        82.0810436021508,
        83.46280117442029,
        84.70046927784401,
        85.81224813532548,
        86.81379465037953,
        87.7185989589644,
        88.53831011251988,
        89.28301507906019,
        89.96147644431981,
        90.58133439595062,
        91.14927827798275,
        91.67119248873372,
        92.15228091489416,
        92.59717352676877,
        93.01001824269626,
        93.39456071995276,
        93.7542143484139,
        94.0921224094929,
        94.41121411156807,
        94.71425601900079,
        95.00390025031312,
        95.28273072881083
      ]
    },
    "heun_root": null,
    "heun_root_order": null
  }
}