{
  "_saved": "2026-05-29 11:10:36",
  "data": {
    "config": {
      "s2": 2.0,
      "B": 4.0,
      "T": 5.0,
      "lambda_star": 1.270503827879725
    },
    "part_A": {
      "0.0": {
        "delta": 0.0,
        "Ns": [
          32,
          64,
          128,
          256,
          512,
          1024,
          2048,
          4096,
          8192,
          16384
        ],
        "KL": [
          0.0001687058019596713,
          8.926141865873182e-06,
          5.186491955026555e-07,
          3.131855313240094e-08,
          1.9248643975720178e-09,
          1.1931220281108905e-10,
          7.42639824775275e-12,
          4.631990429197468e-13,
          2.89203197064511e-14,
          1.806596156403048e-15
        ],
        "floor": 1.806596156403048e-15,
        "tail_order": 4.001107208818022
      },
      "0.005": {
        "delta": 0.005,
        "Ns": [
          32,
          64,
          128,
          256,
          512,
          1024,
          2048,
          4096,
          8192,
          16384
        ],
        "KL": [
          0.00023906168671235389,
          3.188296459949e-05,
          1.1933084455726217e-05,
          8.678893926180717e-06,
          8.007096194707092e-06,
          7.867947364602012e-06,
          7.84494882040862e-06,
          7.844922086391765e-06,
          7.84776480883676e-06,
          7.849899264027335e-06
        ],
        "floor": 7.849899264027335e-06,
        "tail_order": -0.00045751076567534187
      },
      "0.02": {
        "delta": 0.02,
        "Ns": [
          32,
          64,
          128,
          256,
          512,
          1024,
          2048,
          4096,
          8192,
          16384
        ],
        "KL": [
          0.000525757181799532,
          0.00018678457021670616,
          0.00013688820301882145,
          0.00012758636707868904,
          0.00012609708772107667,
          0.00012609720473907442,
          0.00012628037692336263,
          0.00012641751125471796,
          0.00012649744605057283,
          0.00012654025350223528
        ],
        "floor": 0.00012654025350223528,
        "tail_order": -0.0007000364106970296
      },
      "0.05": {
        "delta": 0.05,
        "Ns": [
          32,
          64,
          128,
          256,
          512,
          1024,
          2048,
          4096,
          8192,
          16384
        ],
        "KL": [
          0.0014508619626912688,
          0.0008946873695727201,
          0.0008059593985685571,
          0.0007947402945533237,
          0.0007966387313582603,
          0.0007994147765126085,
          0.0008012558266943517,
          0.0008022893011624141,
          0.0008028342465390562,
          0.0008031137681816328
        ],
        "floor": 0.0008031137681816328,
        "tail_order": -0.0007409071324741284
      },
      "0.1": {
        "delta": 0.1,
        "Ns": [
          32,
          64,
          128,
          256,
          512,
          1024,
          2048,
          4096,
          8192,
          16384
        ],
        "KL": [
          0.004103095056171913,
          0.0033205272944274067,
          0.0032296931517773434,
          0.0032457595614866983,
          0.003268397090806453,
          0.0032833164304809826,
          0.0032916724470055075,
          0.003296074215798371,
          0.003298331008581,
          0.003299473378656479
        ],
        "floor": 0.003299473378656479,
        "tail_order": -0.0007435251982514628
      },
      "0.2": {
        "delta": 0.2,
        "Ns": [
          32,
          64,
          128,
          256,
          512,
          1024,
          2048,
          4096,
          8192,
          16384
        ],
        "KL": [
          0.014123972842663536,
          0.013392025164570902,
          0.013536373208144138,
          0.013725068279058023,
          0.013847991060203861,
          0.013916568578958467,
          0.013952635265861166,
          0.013971113093258112,
          0.013980463136745856,
          0.013985165942564924
        ],
        "floor": 0.013985165942564924,
        "tail_order": -0.0007252030102763794
      }
    },
    "part_B": [
      {
        "width": 16,
        "depth": 2,
        "epochs": 2000,
        "residual_rmse": 0.01647227816283703,
        "per_N": [
          {
            "N": 32,
            "var": 2.0319308042526245,
            "KL": 6.305328756137394e-05
          },
          {
            "N": 128,
            "var": 2.046598196029663,
            "KL": 0.0001336401760451832
          },
          {
            "N": 512,
            "var": 2.0528695583343506,
            "KL": 0.00017168040428710448
          }
        ],
        "floor_KL": 0.00017168040428710448,
        "tail_order": -0.1806857951641119
      },
      {
        "width": 16,
        "depth": 4,
        "epochs": 2000,
        "residual_rmse": 0.016470709815621376,
        "per_N": [
          {
            "N": 32,
            "var": 2.0359996557235718,
            "KL": 8.003941399103222e-05
          },
          {
            "N": 128,
            "var": 2.05651593208313,
            "KL": 0.00019594537977516845
          },
          {
            "N": 512,
            "var": 2.064824342727661,
            "KL": 0.0002570965916665231
          }
        ],
        "floor_KL": 0.0002570965916665231,
        "tail_order": -0.19592946432231526
      },
      {
        "width": 64,
        "depth": 2,
        "epochs": 2000,
        "residual_rmse": 0.015238918364048004,
        "per_N": [
          {
            "N": 32,
            "var": 2.0683810710906982,
            "KL": 0.00028575304073610267
          },
          {
            "N": 128,
            "var": 2.078616499900818,
            "KL": 0.00037645119108774174
          },
          {
            "N": 512,
            "var": 2.082987666130066,
            "KL": 0.00041888628431744154
          }
        ],
        "floor_KL": 0.00041888628431744154,
        "tail_order": -0.07704791131042962
      },
      {
        "width": 64,
        "depth": 4,
        "epochs": 2000,
        "residual_rmse": 0.014919161796569824,
        "per_N": [
          {
            "N": 32,
            "var": 2.077194571495056,
            "KL": 0.0003631233495069358
          },
          {
            "N": 128,
            "var": 2.0889697074890137,
            "KL": 0.0004805263989092012
          },
          {
            "N": 512,
            "var": 2.0929501056671143,
            "KL": 0.0005238144410746382
          }
        ],
        "floor_KL": 0.0005238144410746382,
        "tail_order": -0.062220071392687155
      },
      {
        "width": 256,
        "depth": 2,
        "epochs": 2000,
        "residual_rmse": 0.016502531245350838,
        "per_N": [
          {
            "N": 32,
            "var": 2.1085954904556274,
            "KL": 0.0007114221365801009
          },
          {
            "N": 128,
            "var": 2.1167715787887573,
            "KL": 0.0008204410820182671
          },
          {
            "N": 512,
            "var": 2.119940161705017,
            "KL": 0.0008646993688619071
          }
        ],
        "floor_KL": 0.0008646993688619071,
        "tail_order": -0.03789945123305351
      },
      {
        "width": 256,
        "depth": 4,
        "epochs": 2000,
        "residual_rmse": 0.01501228753477335,
        "per_N": [
          {
            "N": 32,
            "var": 2.0942224264144897,
            "KL": 0.0005380330657818423
          },
          {
            "N": 128,
            "var": 2.0834150314331055,
            "KL": 0.0004231534386492188
          },
          {
            "N": 512,
            "var": 2.0802730321884155,
            "KL": 0.0003922730401426649
          }
        ],
        "floor_KL": 0.0003922730401426649,
        "tail_order": 0.05466135203280361
      },
      {
        "width": 16,
        "depth": 2,
        "epochs": 8000,