{
  "_saved": "2026-05-29 00:53:17",
  "data": {
    "config": {
      "s2": 2.0,
      "B": 4.0,
      "T": 5.0,
      "dps": 90
    },
    "lambda_star": 1.2705038278243628,
    "Psi_T": 5.839255152932431e-14,
    "init_offset": {
      "0.0": {
        "e0": 0.0,
        "Ns": [
          32,
          64,
          128,
          256,
          512,
          1024,
          2048,
          4096,
          8192,
          16384
        ],
        "KL": [
          0.00016870580175960015,
          8.926141844894155e-06,
          5.186491930582762e-07,
          3.131855283631508e-08,
          1.9248643611077507e-09,
          1.1931219828590191e-10,
          7.426397684117754e-12,
          4.631989725899952e-13,
          2.8920310922983244e-14,
          1.8065950589527744e-15
        ],
        "pred_plateau": 0.0,
        "tail_order": 4.001107537488365
      },
      "0.0001": {
        "e0": 0.0001,
        "Ns": [
          32,
          64,
          128,
          256,
          512,
          1024,
          2048,
          4096,
          8192,
          16384
        ],
        "KL": [
          0.00016870580175960015,
          8.926141844894155e-06,
          5.186491930582764e-07,
          3.131855283631527e-08,
          1.9248643611078284e-09,
          1.193121982859268e-10,
          7.426397684124789e-12,
          4.63198972591864e-13,
          2.892031092346475e-14,
          1.8065950590749828e-15
        ],
        "pred_plateau": 2.131056296315497e-36,
        "tail_order": 4.001107537442479
      },
      "0.01": {
        "e0": 0.01,
        "Ns": [
          32,
          64,
          128,
          256,
          512,
          1024,
          2048,
          4096,
          8192,
          16384
        ],
        "KL": [
          0.00016870580175960015,
          8.926141844894163e-06,
          5.18649193058301e-07,
          3.131855283633367e-08,
          1.9248643611155166e-09,
          1.193121982883915e-10,
          7.426397684821186e-12,
          4.63198972776862e-13,
          2.8920310971134367e-14,
          1.8065950711736088e-15
        ],
        "pred_plateau": 2.1310562963154963e-32,
        "tail_order": 4.001107532899772
      },
      "0.1": {
        "e0": 0.1,
        "Ns": [
          32,
          64,
          128,
          256,
          512,
          1024,
          2048,
          4096,
          8192,
          16384
        ],
        "KL": [
          0.00016870580175960015,
          8.926141844894233e-06,
          5.186491930585242e-07,
          3.131855283650095e-08,
          1.9248643611854093e-09,
          1.1931219831079772e-10,
          7.426397691152061e-12,
          4.63198974458663e-13,
          2.8920311404494455e-14,
          1.806595181161119e-15
        ],
        "pred_plateau": 2.131056296315493e-30,
        "tail_order": 4.001107491602434
      }
    },
    "finite_N_opt": [
      {
        "N": 64,
        "lambda_opt": 1.222639314826778,
        "minus_lstar": -0.04786451299758476
      },
      {
        "N": 128,
        "lambda_opt": 1.2468507025816251,
        "minus_lstar": -0.02365312524273766
      },
      {
        "N": 256,
        "lambda_opt": 1.2587553626002213,
        "minus_lstar": -0.011748465224141524
      },
      {
        "N": 512,
        "lambda_opt": 1.2646502011688108,
        "minus_lstar": -0.005853626655552002
      },
      {
        "N": 1024,
        "lambda_opt": 1.2675823039201153,
        "minus_lstar": -0.0029215239042474916
      },
      {
        "N": 2048,
        "lambda_opt": 1.2690444056434826,
        "minus_lstar": -0.0014594221808801322
      },
      {
        "N": 4096,
        "lambda_opt": 1.2697744538647138,
        "minus_lstar": -0.0007293739596490045
      }
    ]
  }
}