{
  "_saved": "2026-05-29 11:44:45",
  "data": {
    "config": {
      "s2": 2.0,
      "B": 4.0,
      "T": 5.0
    },
    "lambda_star": 1.2705038278243628,
    "Cprime_at_star": 15.279555176511277,
    "rows": [
      {
        "N": 256,
        "kl_star": 3.131855283631508e-08,
        "half_width": 0.037273998111201356,
        "dr": 0.025156130827410417,
        "dl": 0.049391865394992296
      },
      {
        "N": 1024,
        "kl_star": 1.1931219828590191e-10,
        "half_width": 0.009245512954984436,
        "dr": 0.006302585267272454,
        "dl": 0.012188440642696419
      },
      {
        "N": 4096,
        "kl_star": 4.631989725899952e-13,
        "half_width": 0.0023068991221000257,
        "dr": 0.0015762128026335365,
        "dl": 0.003037585441566515
      }
    ],
    "halfwidth_slope": -1.003535687895522
  }
}