{
  "_saved": "2026-05-29 11:36:30",
  "data": {
    "config": {
      "B": 4.0,
      "T": 5.0,
      "P": 400000,
      "eigs": [
        1.5,
        4.0
      ],
      "theta": 0.6
    },
    "rows": [
      {
        "lam": 0.0,
        "N": 256,
        "meas_eig": [
          3.8526471835654137,
          1.4762125153100563
        ],
        "pred_eig": [
          3.839188127794934,
          1.478812559566012
        ],
        "max_rel": 0.003505703633807132
      },
      {
        "lam": 1.0,
        "N": 256,
        "meas_eig": [
          3.888005832919915,
          1.511899349408206
        ],
        "pred_eig": [
          3.8979532939681802,
          1.5037732152615608
        ],
        "max_rel": 0.005403829556328261
      },
      {
        "lam": 1.2705,
        "N": 256,
        "meas_eig": [
          3.932136090887262,
          1.5169319010510032
        ],
        "pred_eig": [
          3.921027585537214,
          1.5174457927004543
        ],
        "max_rel": 0.002833059729297005
      }
    ]
  }
}