{
  "_saved": "2026-05-29 11:40:35",
  "data": {
    "config": {
      "dps": 70,
      "schedule": "VE sigma~t (EDM-like)"
    },
    "cases": {
      "s2=2.0,c=0.2": {
        "s2": 2.0,
        "c": 0.2,
        "C0": -2.306261172467648,
        "has_root": true,
        "lambda_star": 1.1409069894708566,
        "order_at_star": 4.000176149008192
      },
      "s2=2.0,c=0.5": {
        "s2": 2.0,
        "c": 0.5,
        "C0": -3.837793839247302,
        "has_root": true,
        "lambda_star": 1.0531348937938187,
        "order_at_star": 4.000231474808255
      },
      "s2=2.0,c=1.0": {
        "s2": 2.0,
        "c": 1.0,
        "C0": -5.504985134123918,
        "has_root": true,
        "lambda_star": 1.0227309279418573,
        "order_at_star": 4.000521812415002
      },
      "s2=4.0,c=0.2": {
        "s2": 4.0,
        "c": 0.2,
        "C0": -2.9917978322137615,
        "has_root": true,
        "lambda_star": 1.2620850102523344,
        "order_at_star": 4.000288972053291
      },
      "s2=4.0,c=0.5": {
        "s2": 4.0,
        "c": 0.5,
        "C0": -5.248641278319092,
        "has_root": true,
        "lambda_star": 1.1129494852810986,
        "order_at_star": 4.000160551942468
      },
      "s2=4.0,c=1.0": {
        "s2": 4.0,
        "c": 1.0,
        "C0": -7.675587678494604,
        "has_root": true,
        "lambda_star": 1.0531348937938187,
        "order_at_star": 4.000231474808255
      }
    }
  }
}