{
  "_saved": "2026-05-29 11:55:46",
  "data": {
    "kappa_closed_form": null,
    "F_at_root": null,
    "measured_ratio": [
      {
        "s2": 64.0,
        "ratio": 1.1993641901886523
      },
      {
        "s2": 256.0,
        "ratio": 1.205363045771985
      },
      {
        "s2": 1024.0,
        "ratio": 1.2068561534716156
      },
      {
        "s2": 4096.0,
        "ratio": 1.2072290211304408
      }
    ],
    "ratio_at_s2_4096": 1.2072290211304408
  }
}