{
  "_saved": "2026-05-29 13:10:19",
  "data": {
    "config": {
      "B": 4.0,
      "s2": 2.0,
      "T": 5.0,
      "dps": 120,
      "Ns": [
        512,
        1024,
        2048,
        4096,
        8192,
        16384,
        32768,
        65536,
        131072,
        262144
      ]
    },
    "lambda_star": "1.27050382782436269636928089548",
    "KL": [
      "1.92486436111e-9",
      "1.19312198286e-10",
      "7.42639768412e-12",
      "4.6319897259e-13",
      "2.8920310923e-14",
      "1.80659505895e-15",
      "1.12883326381e-16",
      "7.05430621516e-18",
      "4.40865966165e-19",
      "2.75532425847e-20"
    ],
    "orders": [
      4.011943332900524,
      4.0059351654705635,
      4.0029586152443635,
      4.001477085389698,
      4.000737989587032,
      4.00036885682256,
      4.000184393956774,
      4.000092188369538,
      4.000046092033154
    ],
    "order_tail": 4.000046092033154,
    "c2_tail_estimates": [
      "132.2756717",
      "131.1851494",
      "130.6465697",
      "130.37892",
      "130.2455015",
      "130.1788933",
      "130.1456145",
      "130.1289814",
      "130.1206664",
      "130.1165093"
    ],
    "c2_extrapolated": "130.114887798"
  }
}