{
  "_saved": "2026-05-29 13:24:03",
  "data": {
    "config": {
      "B": 4.0,
      "T": 5.0,
      "dps": 50,
      "Ns": [
        512,
        1024,
        2048,
        4096,
        8192
      ]
    },
    "spectra": {
      "two_mode": {
        "spectrum": [
          1.5,
          4.0
        ],
        "per_mode_lambda_star": [
          "0.9212496",
          "2.1379858"
        ],
        "root_rel_spread": 0.7954511716584073,
        "lambda_dagger": "1.0",
        "aggregate_order_tail": 1.9979801513926636,
        "aggregate_orders": [
          1.983948459840589,
          1.9919436113727575,
          1.9959641392450054,
          1.9979801513926636
        ]
      },
      "three_mode": {
        "spectrum": [
          1.3,
          2.5,
          5.0
        ],
        "per_mode_lambda_star": [
          "0.72740474",
          "1.5366109",
          "2.4567397"
        ],
        "root_rel_spread": 1.0989776980092885,
        "lambda_dagger": "0.9",
        "aggregate_order_tail": 1.9979611742518688,
        "aggregate_orders": [
          1.983803390152052,
          1.991869230827201,
          1.9959264464382873,
          1.9979611742518688
        ]
      },
      "wide": {
        "spectrum": [
          1.2,
          2.0,
          4.0,
          8.0
        ],
        "per_mode_lambda_star": [
          "0.60254404",
          "1.2705038",
          "2.1379858",
          "3.227741"
        ],
        "root_rel_spread": 1.450630566441498,
        "lambda_dagger": "0.85",
        "aggregate_order_tail": 1.997824283111883,
        "aggregate_orders": [
          1.9827423205277277,
          1.9913290436338236,
          1.995653900338022,
          1.997824283111883
        ]
      },
      "near_degenerate": {
        "spectrum": [
          1.9,
          2.0,
          2.1
        ],
        "per_mode_lambda_star": [
          "1.2096328",
          "1.2705038",
          "1.328342"
        ],
        "root_rel_spread": 0.0935091693198851,
        "lambda_dagger": "1.25",
        "aggregate_order_tail": 1.9926465114737268,
        "aggregate_orders": [
          1.9504182101748806,
          1.9724495498931547,
          1.985593816059832,
          1.9926465114737268
        ]
      },
      "geometric": {
        "spectrum": [
          1.5,
          2.25,
          3.375,
          5.0625
        ],
        "per_mode_lambda_star": [
          "0.9212496",
          "1.4103122",
          "1.9113301",
          "2.475279"
        ],
        "root_rel_spread": 0.92526934065676,
        "lambda_dagger": "1.15",
        "aggregate_order_tail": 1.9979134127939113,
        "aggregate_orders": [
          1.9834120580407175,
          1.9916760459618215,
          1.9958305539320071,
          1.9979134127939113
        ]
      }
    }
  }
}