{
  "_saved": "2026-05-29 13:24:45",
  "data": {
    "config": {
      "B": 4.0,
      "s2": 2.0,
      "T": 5.0,
      "dps": 70,
      "Ns": [
        128,
        256,
        512,
        1024,
        2048,
        4096
      ]
    },
    "EM_generic_orders": [
      1.878994416377977,
      1.9414950336022092,
      1.971215593831525,
      1.985721172697303,
      1.9928884910683773
    ],
    "Heun_generic_orders": [
      3.9456295347972077,
      3.9731844393645432,
      3.9866880112770975,
      3.993368399115012,
      3.996690355131706
    ],
    "EM_at_lambda_star_orders": [
      4.049669594617382,
      4.024188857797414,
      4.011943332900524,
      4.0059351654705635,
      4.0029586152443635
    ],
    "u_heun_star": null,
    "Heun_at_its_star_orders": null,
    "summary": {
      "EM_generic_tail": 1.9928884910683773,
      "Heun_generic_tail": 3.996690355131706,
      "EM_star_tail": 4.0029586152443635,
      "Heun_star_tail": null
    }
  }
}