{
  "_saved": "2026-05-29 13:47:28",
  "data": {
    "config": {
      "s2": 2.0,
      "B": 4.0,
      "T": 5.0,
      "dps": 80,
      "lambda_star": 1.2705038278243628
    },
    "Ns": [
      16,
      24,
      32,
      48,
      64,
      96,
      128,
      192,
      256,
      384,
      512,
      768,
      1024,
      1536,
      2048,
      3072,
      4096,
      6144,
      8192,
      12288,
      16384,
      24576,
      32768
    ],
    "rows": [
      {
        "delta": 0.2,
        "order_max": 0.8385769514230252,
        "N_window": 0,
        "floor_KL": 0.013987524293302788,
        "KL": [
          0.021824937448552854,
          0.015534130042068627,
          0.014123972842497223,
          0.013476098950998338,
          0.013392025165310736,
          0.013453303510714646,
          0.013536373209299204,
          0.01365368122416066,
          0.013725068280421273,
          0.013804907324297054,
          0.013847991061672385,
          0.01389318259290651,
          0.013916568580480043,
          0.013940481343072802,
          0.013952635267409388,
          0.013964920892504371,
          0.013971113094819689,
          0.013977338224958735,
          0.013980463138314119,
          0.013983596284063569,
          0.01398516594413653,
          0.013986737662369547,
          0.013987524293302788
        ]
      },
      {
        "delta": 0.1,
        "order_max": 1.7645820370253464,
        "N_window": 0,
        "floor_KL": 0.0033000480570658888,
        "KL": [
          0.010782410709046484,
          0.005272157765894707,
          0.004103095055595065,
          0.003481815082011361,
          0.0033205272943717273,
          0.0032411941730713404,
          0.003229693151925096,
          0.003236041579787498,
          0.003245759561732139,
          0.0032597818737342284,
          0.003268397091100729,
          0.0032780775255568636,
          0.0032833164307997874,
          0.0032888207897010754,
          0.003291672447336618,
          0.00329459039240548,
          0.0032960742161356462,
          0.0032975746040817193,
          0.0032983310089213604,
          0.0032990915539743604,
          0.0032994733789983833,
          0.003299856238977797,
          0.0033000480570658888
        ]
      },
      {
        "delta": 0.05,
        "order_max": 2.750899073400013,
        "N_window": 0,
        "floor_KL": 0.0008032552909716838,
        "KL": [
          0.007073693925676234,
          0.0023186595352205205,
          0.0014508619622214103,
          0.0010128881360506514,
          0.0008946873694489571,
          0.0008251426106821926,
          0.0008059593985531002,
          0.0007962200681231458,
          0.0007947402945862683,
          0.0007954621557711528,
          0.0007966387314149495,
          0.0007983549999053969,
          0.0007994147765811652,
          0.0008006086589193764,
          0.000801255826768854,
          0.0008019364499500429,
          0.0008022893012398938,
          0.0008026505093764032,
          0.0008028342466180258,
          0.0008030200723153503,
          0.0008031137682613478,
          0.0008032079862340653,
          0.0008032552909716838
        ]
      },
      {
        "delta": 0.02,
        "order_max": 3.777014990093952,
        "N_window": 24,
        "floor_KL": 0.00012656236705767447,
        "KL": [
          0.0053291284090078595,
          0.0011522769115605974,
          0.0005257571814738104,
          0.00025309062491333384,
          0.00018678457013606472,
          0.0001483250125272563,
          0.00013688820299205822,
          0.00012971729163719893,
          0.00012758636707225102,
          0.00012637069946113682,
          0.00012609708772411956,
          0.00012604275531832908,
          0.00012609720474679456,
          0.00012620581129074777,
          0.00012628037693341828,
          0.0001263684304955753,
          0.0001264175112659421,
          0.0001264699595163761,
          0.0001264974460623816,
          0.00012652577403448887,
          0.00012654025351433647,
          0.00012655494330258548,
          0.00012656236705767447
        ]
      },
      {
        "delta": 0.01,
        "order_max": 4.257731193428006,
        "N_window": 32,
        "floor_KL": 3.1482565432566526e-05,
        "KL": [
          0.0048199983353253975,
          0.0008576254133981336,
          0.0003219398958732794,
          0.00011374520643614685,
          6.909948800343758e-05,
          4.51962788496698e-05,
          3.838745970169096e-05,
          3.409017114794036e-05,
          3.274165496658816e-05,
          3.1874125678446206e-05,
          3.161221909616626e-05,
          3.146161440281701e-05,
          3.1427499115202784e-05,
          3.142062239718698e-05,
          3.142735992512765e-05,
          3.144086531477127e-05,
          3.145015297902864e-05,
          3.146112931186712e-05,
          3.14672504703116e-05,
          3.147379350268589e-05,
          3.147722319631464e-05,
          3.148075832915918e-05,
          3.1482565432566526e-05
        ]
      },
      {
        "delta": 0.005,
        "order_max": 4.537221156812664,
        "N_window": 48,
        "floor_KL": 7.851144685582463e-06,
        "KL": [
          0.004578302204762339,
          0.0007273433459821079,
          0.0002390616864787681,
          6.487718026112937e-05,
          3.188296456140199e-05,
          1.604498216693788e-05,
          1.1933084444943255e-05,
          9.449636331044503e-06,
          8.678893922052333e-06,
          8.170845994950581e-06,
          8.007096193123389e-06,
          7.900408577000092e-06,
          7.867947364201121e-06,
          7.849207420077083e-06,
          7.844948820589266e-06,
          7.844084131813285e-06,
          7.844922086862236e-06,
          7.846605897039385e-06,
          7.847764809452094e-06,
          7.849134976864591e-06,
          7.84989926471511e-06,
          7.850716347611886e-06,
          7.851144685582463e-06
        ]
      },
      {
        "delta": 0.002,
        "order_max": 4.72014304447088,
        "N_window": 64,
        "floor_KL": 1.254334759539391e-06,
        "KL": [
          0.004437313409882761,
          0.0006545520277885627,
          0.000195353293906965,
          4.214512956472256e-05,
          1.6405174904834695e-05,
          5.658338394566398e-06,
          3.2870814546249855e-06,
          2.0124630056989133e-06,
          1.6479985329221452e-06,
          1.4148657710514293e-06,
          1.3394884204045099e-06,
          1.2885450863915532e-06,
          1.2717429876343368e-06,
          1.2605322241174952e-06,
          1.2569923325940258e-06,
          1.2548172830701347e-06,
          1.2542395136821233e-06,
          1.2540007604828255e-06,
          1.2540083712715242e-06,
          1.2541005809364838e-06,
          1.254178399454926e-06,
          1.2542773556950584e-06,
          1.254334759539391e-06
        ]
      },
      {
        "delta": 0.001,
        "order_max": 4.78393720412898,
        "N_window": 96,
        "floor_KL": 3.1343490691775917e-07,
        "KL": [
          0.004390981224927576,
          0.0006311782931263923,
          0.0001817810521526191,
          3.5660254305329765e-05,
          1.2382327304562936e-05,
          3.3745564857682105e-06,
          1.603924987647083e-06,
          7.523281816188228e-07,
          5.332184893806428e-07,
          4.0158694042509926e-07,
          3.605755018371775e-07,
          3.3310762755818753e-07,
          3.23967066490504e-07,
          3.1770452158004566e-07,
          3.1562221891525755e-07,
          3.142275986286646e-07,
          3.137862312167107e-07,
          3.1351473680867785e-07,
          3.134425636007773e-07,
          3.134127218391025e-07,
          3.1341366627222433e-07,
          3.1342518386686365e-07,
          3.1343490691775917e-07
        ]
      },
      {
        "delta": 0.0005,
        "order_max": 4.816392925635127,