{
  "_saved": "2026-05-29 22:05:39",
  "data": {
    "config": {
      "s2": 2.0,
      "B": 4.0,
      "T": 5.0,
      "lambda_star": 1.2705038278243628,
      "Ns": [
        16,
        32,
        64,
        128,
        256,
        512,
        1024,
        2048
      ],
      "P": 120000
    },
    "runs": [
      {
        "width": 32,
        "depth": 2,
        "epochs": 3000,
        "seed": 0,
        "residual_rmse": 0.014412257820367813,
        "Ns": [
          16,
          32,
          64,
          128,
          256,
          512,
          1024,
          2048
        ],
        "KL": [
          0.003827550388865793,
          0.00025270268681432833,
          0.0003001957934984106,
          0.0003742597082693661,
          0.0005317636136350131,
          0.0005197535059747825,
          0.0006535294172463776,
          0.0005928840609847694
        ],
        "floor": 0.0005197535059747825
      },
      {
        "width": 32,
        "depth": 2,
        "epochs": 3000,
        "seed": 1,
        "residual_rmse": 0.012498329393565655,
        "Ns": [
          16,
          32,
          64,
          128,
          256,
          512,
          1024,
          2048
        ],
        "KL": [
          0.002893416894560221,
          1.2736854500569187e-07,
          2.4299317866813495e-07,
          3.304471115919947e-07,
          1.578117452323974e-05,
          1.2334719761775404e-05,
          3.941651055362636e-05,
          2.4436594730735082e-05
        ],
        "floor": 1.2334719761775404e-05
      },
      {
        "width": 64,
        "depth": 3,
        "epochs": 8000,
        "seed": 0,
        "residual_rmse": 0.008414254523813725,
        "Ns": [
          16,
          32,
          64,
          128,
          256,
          512,
          1024,
          2048
        ],
        "KL": [
          0.0032794819744659163,
          1.4871774727086678e-05,
          5.950946243576854e-07,
          8.415760559165372e-08,
          8.466213860812907e-06,
          4.1071897989385005e-06,
          2.0343351987088627e-05,
          9.1371694035088e-06
        ],
        "floor": 4.1071897989385005e-06
      },
      {
        "width": 64,
        "depth": 3,
        "epochs": 8000,
        "seed": 1,
        "residual_rmse": 0.0072824424132704735,
        "Ns": [
          16,
          32,
          64,
          128,
          256,
          512,
          1024,
          2048
        ],
        "KL": [
          0.003246875670247773,
          1.1217624221817032e-05,
          1.3389215034462862e-07,
          1.724328621125315e-06,
          1.424933419220619e-06,
          3.297615125235397e-08,
          6.898642649513706e-06,
          1.1984431069534041e-06
        ],
        "floor": 3.297615125235397e-08
      },
      {
        "width": 128,
        "depth": 3,
        "epochs": 16000,
        "seed": 0,
        "residual_rmse": 0.014443786814808846,
        "Ns": [
          16,
          32,
          64,
          128,
          256,
          512,
          1024,
          2048
        ],
        "KL": [
          0.003710305466193984,
          2.809964728203885e-06,
          5.035569180735449e-05,
          0.00011773040357397356,
          0.00010023688356994579,
          0.0001391123432894745,
          9.588939319810601e-05,
          0.00013361213280650385
        ],
        "floor": 9.588939319810601e-05
      },
      {
        "width": 128,
        "depth": 3,
        "epochs": 16000,
        "seed": 1,
        "residual_rmse": 0.011898346245288849,
        "Ns": [
          16,
          32,
          64,
          128,
          256,
          512,
          1024,
          2048
        ],
        "KL": [
          0.005268916752798493,
          0.0005408295797330222,
          0.00035518408316124165,
          0.0002971974430982652,
          0.0003758664113194128,
          0.0003303946660295676,
          0.00041730026769705653,
          0.00035328011696456003
        ],
        "floor": 0.0003303946660295676
      },
      {
        "width": 256,
        "depth": 4,
        "epochs": 30000,
        "seed": 0,
        "residual_rmse": 0.008903410285711288,
        "Ns": [
          16,
          32,
          64,
          128,
          256,
          512,
          1024,
          2048
        ],
        "KL": [
          0.004455501075174839,
          0.0001525716701656694,
          1.410124952181991e-05,
          3.085139535648311e-08,
          3.5159089754742576e-07,
          1.4988251269608316e-06,
          4.6567128643610965e-07,
          1.0619246356745705e-06
        ],
        "floor": 4.6567128643610965e-07
      }
    ]
  }
}