{
  "_saved": "2026-05-29 15:25:49",
  "data": {
    "config": {
      "B": 4.0,
      "s2": 2.0,
      "T": 5.0
    },
    "lambda_star": "1.2705038",
    "out": {
      "at_star": {
        "KL_order_tail": 4.001477085389698,
        "W2_order_tail": 4.001477330901442
      },
      "off": {
        "KL_order_tail": 2.004310116331694,
        "W2_order_tail": 2.00440422808168
      }
    }
  }
}