{
  "_saved": "2026-05-29 15:49:29",
  "data": {
    "config": {
      "B": 4.0,
      "T": 5.0,
      "Ns": [
        512,
        1024,
        2048,
        4096
      ]
    },
    "dims": {
      "d=2": {
        "spectrum": [
          3.524014461846204,
          4.76796033633475
        ],
        "root_rel_spread": 0.1923676369086889,
        "aggregate_order_tail": 2.003509809323273
      },
      "d=4": {
        "spectrum": [
          2.807172569414443,
          3.498936674413985,
          3.8869776373486733,
          4.203862648278968
        ],
        "root_rel_spread": 0.26623932651091914,
        "aggregate_order_tail": 2.0032126274806856
      },
      "d=8": {
        "spectrum": [
          2.6093656229890754,
          2.8791469226357997,
          3.3987482605847608,
          3.6493356191487663,
          5.479368411641084,
          6.571779976048061,
          6.9883528435195705,
          7.488840427603873
        ],
        "root_rel_spread": 0.6469235310187677,
        "aggregate_order_tail": 2.004472045194416
      },
      "d=16": {
        "spectrum": [
          1.3486480618850698,
          1.4791125383637542,
          1.5230043576466703,
          1.6116814875443088,
          1.6868253405513653,
          2.7616740987045545,
          3.0068948275439227,
          3.3555073869896654,
          4.158482447863719,
          5.345928348101639,
          5.36902374960092,
          5.553881942713364,
          5.902044795452618,
          6.3169946812709314,
          7.234785326580613,
          7.695143512403525
        ],
        "root_rel_spread": 1.200414462135797,
        "aggregate_order_tail": 2.005038941056792
      }
    }
  }
}