{
  "_saved": "2026-05-29 16:01:50",
  "data": {
    "config": {
      "B": 4.0,
      "T": 5.0,
      "Ns": [
        256,
        512,
        1024,
        2048,
        4096,
        8192
      ],
      "dps": 50
    },
    "spectra": {
      "two_mode": {
        "spectrum": [
          1.5,
          4.0
        ],
        "per_mode_roots": [
          "0.9212496",
          "2.1379858"
        ],
        "per_mode_order_tail": 4.002129975465875,
        "global_order_tail": 2.000926008250921,
        "per_mode_order": [
          4.03548727925872,
          4.017360263880941,
          4.008587739180839,
          4.00427118870934,
          4.002129975465875
        ],
        "global_order": [
          2.017447521704885,
          2.0080156979070125,
          2.003833567808307,
          2.0018735500016294,
          2.000926008250921
        ]
      },
      "three_mode": {
        "spectrum": [
          1.5,
          4.0,
          7.0
        ],
        "per_mode_roots": [
          "0.9212496",
          "2.1379858",
          "2.9930563"
        ],
        "per_mode_order_tail": 4.002410177582343,
        "global_order_tail": 2.002670459218149,
        "per_mode_order": [
          4.040385242040295,
          4.019695373189363,
          4.0097282514430415,
          4.004834850191305,
          4.002410177582343
        ],
        "global_order": [
          2.0469462954342017,
          2.02232953868487,
          2.0108869079862046,
          2.005374942078913,
          2.002670459218149
        ]
      },
      "wide_five": {
        "spectrum": [
          1.3,
          2.2,
          3.7,
          6.0,
          9.0
        ],
        "per_mode_roots": [
          "0.72740474",
          "1.3835702",
          "2.032429",
          "2.7381841",
          "3.446406"
        ],
        "per_mode_order_tail": 4.002436306605954,
        "global_order_tail": 2.003023202088711,
        "per_mode_order": [
          4.040864445028031,
          4.019917884129305,
          4.009835578267444,
          4.0048875704840174,
          4.002436306605954
        ],
        "global_order": [
          2.0530623465138915,
          2.0252572149005768,
          2.0123200975695053,
          2.006084095669109,
          2.003023202088711
        ]
      }
    }
  }
}