{
  "_saved": "2026-05-29 20:14:06",
  "data": {
    "config": {
      "B": 4.0,
      "s2": 2.0,
      "T": 5.0
    },
    "lambda_star": "1.2705038",
    "out": {
      "at_star": {
        "var_err_order": 2.001110153892655,
        "KL_order": 4.002217850317031,
        "W2sq_order": 4.002218464683656,
        "TV_order": 2.0011083107910013
      },
      "off": {
        "var_err_order": 1.0035181592910567,
        "KL_order": 2.0064699115156,
        "W2sq_order": 2.0066114786243494,
        "TV_order": 1.003093319333293
      }
    }
  }
}