{
  "_saved": "2026-05-30 14:33:07",
  "data": {
    "config": {
      "N": 18,
      "sigma_min": 0.002,
      "sigma_max": 80.0,
      "rho": 7,
      "P": 300,
      "n_seeds": 6,
      "sigma_data": 0.5602150559425354,
      "target": "MNIST (14x14, [-1,1])",
      "note": "light sweep from checkpoint"
    },
    "churn_grid": [
      0.0,
      3.0,
      6.0,
      10.0,
      16.0,
      24.0,
      40.0,
      70.0,
      120.0
    ],
    "swd_mean": [
      0.06752382352887111,
      0.06504495686302414,
      0.066514061483653,
      0.06733679808396771,
      0.06733679808396771,
      0.06733679808396771,
      0.06733679808396771,
      0.06733679808396771,
      0.06733679808396771
    ],
    "swd_std": [
      0.004680633659709035,
      0.0023049606784200294,
      0.0034633778679733582,
      0.0037745917953801427,
      0.0037745917953801427,
      0.0037745917953801427,
      0.0037745917953801427,
      0.0037745917953801427,
      0.0037745917953801427
    ],
    "swd_all": [
      [
        0.06917303220620909,
        0.06433454298046498,
        0.06603661067028757,
        0.07659417557952429,
        0.06731442156229547,
        0.06169015817444528
      ],
      [
        0.06663456604871167,
        0.06550266378027142,
        0.06314036715915652,
        0.06768177049273238,
        0.0663660483302858,
        0.06094432536698701
      ],
      [
        0.07062821529552143,
        0.06814507078680658,
        0.06061523133128482,
        0.06923036331256334,
        0.06709358036140815,
        0.0633719078143337
      ],
      [
        0.07218232961140951,
        0.06947758128558593,
        0.060744858440644325,
        0.06891208351270191,
        0.06853693431576714,
        0.06416700133769755
      ],
      [
        0.07218232961140951,
        0.06947758128558593,
        0.060744858440644325,
        0.06891208351270191,
        0.06853693431576714,
        0.06416700133769755
      ],
      [
        0.07218232961140951,
        0.06947758128558593,
        0.060744858440644325,
        0.06891208351270191,
        0.06853693431576714,
        0.06416700133769755
      ],
      [
        0.07218232961140951,
        0.06947758128558593,
        0.060744858440644325,
        0.06891208351270191,
        0.06853693431576714,
        0.06416700133769755
      ],
      [
        0.07218232961140951,
        0.06947758128558593,
        0.060744858440644325,
        0.06891208351270191,
        0.06853693431576714,
        0.06416700133769755
      ],
      [
        0.07218232961140951,
        0.06947758128558593,
        0.060744858440644325,
        0.06891208351270191,
        0.06853693431576714,
        0.06416700133769755
      ]
    ],
    "swd_floor": 0.045553540371044886,
    "loss_history": null,
    "measured_opt_S_churn": 3.0,
    "interior_optimum": true,
    "sample_grids": {
      "0.0": "fig_mnist_churn0.png",
      "3.0": "fig_mnist_churn3.png",
      "6.0": "fig_mnist_churn6.png",
      "10.0": "fig_mnist_churn10.png",
      "16.0": "fig_mnist_churn16.png",
      "24.0": "fig_mnist_churn24.png",
      "40.0": "fig_mnist_churn40.png",
      "70.0": "fig_mnist_churn70.png",
      "120.0": "fig_mnist_churn120.png"
    }
  }
}