{
  "_saved": "2026-05-29 20:31:07",
  "data": {
    "config": {
      "B": 4.0,
      "s2": 2.0,
      "T": 5.0,
      "Ns": [
        256,
        512,
        1024,
        2048,
        4096,
        8192
      ],
      "dps": 55
    },
    "grids": {
      "rho=1.5": {
        "lambda_star_nu": "1.1005934",
        "order_at_star_tail": 3.9975261196387755,
        "order_off_tail": 2.001912651478566,
        "order_at_star": [
          4.0244863418610946,
          4.013728106573126,
          4.006892050885325,
          4.0020523408503745,
          3.9975261196387755
        ]
      },
      "rho=2.0": {
        "lambda_star_nu": "1.0076731",
        "order_at_star_tail": 4.000573516960473,
        "order_off_tail": 2.0016574543191856,
        "order_at_star": [
          4.008507544316965,
          4.00424168218783,
          4.002125412542057,
          4.001078876773981,
          4.000573516960473
        ]
      },
      "rho=3.0": {
        "lambda_star_nu": "0.90513032",
        "order_at_star_tail": 4.000381336018273,
        "order_off_tail": 2.001800698654021,
        "order_at_star": [
          4.005305420012583,
          4.00262681353159,
          4.001316418585794,
          4.0006777577494415,
          4.000381336018273
        ]
      }
    }
  }
}