{
  "_saved": "2026-05-29 23:03:24",
  "data": {
    "config": {
      "dps": 50,
      "B": 4.0,
      "s2": 4.0,
      "T": 5.0,
      "Ns": [
        64,
        128,
        256,
        512,
        1024,
        2048
      ],
      "lambda_star": 2.137985797498613
    },
    "curves": {
      "generic": [
        [
          64,
          0.005812797051131302
        ],
        [
          128,
          0.0015866886185250146
        ],
        [
          256,
          0.00041523693790930527
        ],
        [
          512,
          0.00010626170670336716
        ],
        [
          1024,
          2.688073767243736e-05
        ],
        [
          2048,
          6.76016224531269e-06
        ]
      ],
      "generic_rich": [
        [
          192,
          2.6689129507606213e-05
        ],
        [
          384,
          2.021373089901237e-06
        ],
        [
          768,
          1.397524300802391e-07
        ],
        [
          1536,
          9.198871460356605e-09
        ],
        [
          3072,
          5.902198205891446e-10
        ],
        [
          6144,
          3.7379393701367536e-11
        ]
      ],
      "lstar": [
        [
          64,
          3.170560100378777e-05
        ],
        [
          128,
          1.7572428751904317e-06
        ],
        [
          256,
          1.0401020809612177e-07
        ],
        [
          512,
          6.333825093922648e-09
        ],
        [
          1024,
          3.9086245900571937e-10
        ],
        [
          2048,
          2.4275744391612196e-11
        ]
      ],
      "lstar_rich": [
        [
          192,
          1.3211774496089456e-08
        ],
        [
          384,
          1.478697061462165e-10
        ],
        [
          768,
          1.9761474066048073e-12
        ],
        [
          1536,
          2.862249247139399e-14
        ],
        [
          3072,
          4.3082506098219833e-16
        ],
        [
          6144,
          6.60794227193799e-18
        ]
      ]
    },
    "kl_orders": {
      "generic": 1.9914429526807944,
      "generic_rich": 3.980937296061642,
      "lstar": 4.009073585139428,
      "lstar_rich": 6.0267572801014895
    },
    "cost_to_1e-10": {
      "generic": null,
      "generic_rich": 4798.4133642709085,
      "lstar": 1438.7024071722003,
      "lstar_rich": 408.9016847469563
    }
  }
}