{
  "_saved": "2026-05-30 05:09:52",
  "data": {
    "config": {
      "N": 64,
      "sigma_min": 0.002,
      "sigma_max": 10.0,
      "rho": 7,
      "train_steps": 6000,
      "n_targets": 8
    },
    "zoo": [
      {
        "sigma_data": 1.0086788051075084,
        "s2_eff": 1.017432931873111,
        "churn_grid": [
          0.0,
          0.5,
          1.0,
          1.5,
          2.0,
          2.5,
          3.0,
          3.5,
          4.0,
          5.0,
          6.0,
          7.0,
          8.0,
          10.0,
          12.0
        ],
        "swd_mean": [
          0.021225993623385855,
          0.022682204216300943,
          0.02316474203466241,
          0.023398107208141332,
          0.022706363346231308,
          0.022515199422373625,
          0.022306773787451068,
          0.02186748718487282,
          0.02149848141919602,
          0.021602062903197754,
          0.022046144318204702,
          0.02195725021601282,
          0.021437143543189978,
          0.021029219189737228,
          0.02074533376973
        ],
        "measured_opt": 12.0,
        "grid_opt": 12.0,
        "interior": false,
        "predicted_opt": 1.3189635336816323,
        "name": "ring r=1.4"
      },
      {
        "sigma_data": 1.4269359983164818,
        "s2_eff": 2.0361463432914544,
        "churn_grid": [
          0.0,
          0.5,
          1.0,
          1.5,
          2.0,
          2.5,
          3.0,
          3.5,
          4.0,
          5.0,
          6.0,
          7.0,
          8.0,
          10.0,
          12.0
        ],
        "swd_mean": [
          0.03850095670222699,
          0.037933558848654354,
          0.03814650746589047,
          0.038699947941644386,
          0.038610216208189455,
          0.038813386830961145,
          0.03881684158052544,
          0.03928768917267378,
          0.040116325411431494,
          0.04038963221417041,
          0.041512350369524685,
          0.04281183799995373,
          0.04301646240176339,
          0.045967003245847224,
          0.04896183403966706
        ],
        "measured_opt": 0.6777395932761461,
        "grid_opt": 0.5,
        "interior": true,
        "predicted_opt": 2.3612913968763607,
        "name": "ring r=2.0"
      },
      {
        "sigma_data": 1.9885402945584087,
        "s2_eff": 3.9542925030824434,
        "churn_grid": [
          0.0,
          0.5,
          1.0,
          1.5,
          2.0,
          2.5,
          3.0,
          3.5,
          4.0,
          5.0,
          6.0,
          7.0,
          8.0,
          10.0,
          12.0
        ],
        "swd_mean": [
          0.03717177077676828,
          0.0396519244469814,
          0.04058004859866208,
          0.0405867473351108,
          0.040909228849592194,
          0.04069126241349723,
          0.041748895938003835,
          0.040673855267133144,
          0.04067388392750501,
          0.0416253371951613,
          0.04126501833654518,
          0.04149781983984664,
          0.04276509724725881,
          0.043325004682394606,
          0.0442798502162388
        ],
        "measured_opt": 0.0,
        "grid_opt": 0.0,
        "interior": false,
        "predicted_opt": 3.6590193232639976,
        "name": "ring r=2.8"
      },
      {
        "sigma_data": 2.833939871523661,
        "s2_eff": 8.031215195411542,
        "churn_grid": [
          0.0,
          0.5,
          1.0,
          1.5,
          2.0,
          2.5,
          3.0,
          3.5,
          4.0,
          5.0,
          6.0,
          7.0,
          8.0,
          10.0,
          12.0
        ],
        "swd_mean": [
          0.05857843572623782,
          0.058686675552183896,
          0.0591933125015884,
          0.06000653732814849,
          0.06037043266112811,
          0.05759714053323459,
          0.05698855026434533,
          0.05749950079188746,
          0.05591649048550849,
          0.05572339366297354,
          0.05463827202474607,
          0.05397446442917163,
          0.05393702911145555,
          0.05374728733090802,
          0.054436902792148044
        ],
        "measured_opt": 8.983453560747199,
        "grid_opt": 10.0,
        "interior": true,
        "predicted_opt": 5.557582458788339,
        "name": "ring r=4.0"
      },
      {
        "sigma_data": 2.278383345804359,
        "s2_eff": 5.191030670438666,
        "churn_grid": [
          0.0,
          0.5,
          1.0,
          1.5,
          2.0,
          2.5,
          3.0,
          3.5,
          4.0,
          5.0,
          6.0,
          7.0,
          8.0,
          10.0,
          12.0
        ],
        "swd_mean": [
          0.059669577595203006,
          0.0540641103847823,
          0.05170621640636784,
          0.049673551928993864,
          0.04907805573505257,
          0.04892181919048857,
          0.049053846689666024,
          0.05021782764591507,
          0.05132423888173554,
          0.05300415701351833,
          0.054329579770553416,
          0.05692275138537396,
          0.057843098195494505,
          0.06073425180830487,
          0.0643725761622245
        ],
        "measured_opt": 2.4021543283603193,
        "grid_opt": 2.5,
        "interior": true,
        "predicted_opt": 4.31134963770338,
        "name": "two moons"
      },
      {
        "sigma_data": 1.3192714742679355,
        "s2_eff": 1.7404772228170917,
        "churn_grid": [
          0.0,
          0.5,
          1.0,
          1.5,
          2.0,
          2.5,
          3.0,
          3.5,
          4.0,
          5.0,
          6.0,
          7.0,
          8.0,
          10.0,
          12.0
        ],
        "swd_mean": [
          0.03589177334292819,
          0.038937481376421404,
          0.04050845867024481,
          0.04116947203259404,
          0.041735196989387595,
          0.04205346100819028,
          0.04255099905824343,
          0.04297957395676965,
          0.04336172027617659,
          0.044208535563863074,
          0.04532815364200373,
          0.04621159202804647,
          0.04692134661917715,
          0.0480983100136788,
          0.049168487304189545
        ],
        "measured_opt": 0.0,
        "grid_opt": 0.0,
        "interior": false,
        "predicted_opt": 2.1021798010808013,
        "name": "pinwheel"
      },
      {
        "sigma_data": 1.804440901545702,
        "s2_eff": 3.256006967171065,
        "churn_grid": [
          0.0,
          0.5,
          1.0,
          1.5,
          2.0,
          2.5,
          3.0,
          3.5,
          4.0,
          5.0,
          6.0,
          7.0,
          8.0,
          10.0,
          12.0
        ],
        "swd_mean": [
          0.049076594573431734,
          0.04815217113355148,
          0.05057035604658825,
          0.05335342087341518,
          0.05474646088525563,
          0.05693954908238681,
          0.057416462750574174,
          0.05769449593983491,
          0.05931569427868992,
          0.061357939688827634,
          0.06275705584652966,
          0.06599499373662873,
          0.06763986471854386,
          0.07194614274587018,
          0.07567296172349983
        ],
        "measured_opt": 0.3387063500667474,
        "grid_opt": 0.5,
        "interior": true,
        "predicted_opt": 3.2405340532542866,
        "name": "grid 3x3"
      },
      {
        "sigma_data": 1.709929239300071,
        "s2_eff": 2.923858003413319,
        "churn_grid": [
          0.0,
          0.5,
          1.0,
          1.5,
          2.0,
          2.5,
          3.0,
          3.5,
          4.0,
          5.0,
          6.0,
          7.0,
          8.0,
          10.0,
          12.0
        ],