{
  "_saved": "2026-05-29 23:31:53",
  "data": {
    "config": {
      "target": "8-Gaussian ring r=2.8",
      "s2_eff": 3.9549383221288044,
      "sigma_data": 1.9887026731336197,
      "P": 15000,
      "n_seeds": 6,
      "N_grid": [
        8,
        12,
        16,
        24,
        32,
        48,
        64
      ],
      "train_steps": 7000
    },
    "methods": {
      "ODE-Euler (det.)": {
        "N": [
          8,
          12,
          16,
          24,
          32,
          48,
          64
        ],
        "mean": [
          0.12007332597006637,
          0.08252638885544862,
          0.06817918697580559,
          0.05690693611343547,
          0.0526549209861892,
          0.04952221256474141,
          0.04846561475519679
        ],
        "std": [
          0.005378603276181948,
          0.007098301323024361,
          0.008185292432451228,
          0.009173080600062031,
          0.009664416163364562,
          0.010200467035399891,
          0.01046171446921339
        ],
        "churn": [
          0.0,
          0.0,
          0.0,
          0.0,
          0.0,
          0.0,
          0.0
        ]
      },
      "ODE-Heun (det.)": {
        "N": [
          8,
          12,
          16,
          24,
          32,
          48,
          64
        ],
        "mean": [
          0.10184418656832715,
          0.0571143228504842,
          0.05014862456121794,
          0.04789036729452247,
          0.04759229907303258,
          0.04749281180348126,
          0.04747763253601276
        ],
        "std": [
          0.008473563176335273,
          0.010984419147038899,
          0.01140006082862741,
          0.01131489748073256,
          0.011238022091481423,
          0.011180482747613896,
          0.011159647285332057
        ],
        "churn": [
          0.0,
          0.0,
          0.0,
          0.0,
          0.0,
          0.0,
          0.0
        ]
      },
      "SDE-Heun (opt. churn)": {
        "N": [
          8,
          12,
          16,
          24,
          32,
          48,
          64
        ],
        "mean": [
          0.10184418656832715,
          0.0571143228504842,
          0.04999118228445528,
          0.05112684863243897,
          0.05107972880178203,
          0.052722924897601185,
          0.055824998594648324
        ],
        "std": [
          0.008473563176335273,
          0.010984419147038899,
          0.01116181307845123,
          0.011671587568927671,
          0.012809533398312293,
          0.0158891342330301,
          0.01360057558786715
        ],
        "churn": [
          0.0,
          0.0,
          0.0051682197763316395,
          1.010137731853523,
          1.7629498520226967,
          2.8610457207463416,
          3.6593865899347193
        ]
      }
    },
    "swd_floor": 0.021584138184748056
  }
}