{
  "_saved": "2026-05-30 09:04:21",
  "data": {
    "config": {
      "P": 8000,
      "n_seeds": 3,
      "train_steps": 6000,
      "sigma_data": 1.4306292333143429,
      "s2_eff": 2.0467000032135845,
      "Ns": [
        4,
        6,
        8,
        12,
        16,
        24,
        36,
        48
      ],
      "target": "8-Gaussian ring"
    },
    "rows": [
      {
        "N": 4,
        "swd_det": 0.8216355084526793,
        "swd_best": 0.8216355084526793,
        "best_churn": 0.0,
        "predicted_churn": null,
        "gain_factor": 1.0,
        "interior": false,
        "grid": [
          0.0,
          0.6,
          1.2,
          1.8,
          2.4,
          3.0,
          3.6,
          4.2,
          4.8
        ],
        "swd_curve": [
          0.8216355084526793,
          1.0407661262588763,
          1.2745594138912277,
          1.4631668135773035,
          1.4631668135773035,
          1.4631668135773035,
          1.4631668135773035,
          1.4631668135773035,
          1.4631668135773035
        ]
      },
      {
        "N": 6,
        "swd_det": 0.20402523237192513,
        "swd_best": 0.20402523237192513,
        "best_churn": 0.0,
        "predicted_churn": null,
        "gain_factor": 1.0,
        "interior": false,
        "grid": [
          0.0,
          0.9,
          1.8,
          2.7,
          3.6,
          4.5,
          5.4,
          6.3,
          7.2
        ],
        "swd_curve": [
          0.20402523237192513,
          0.261914643661463,
          0.32341135312072083,
          0.3708595031957384,
          0.3708595031957384,
          0.3708595031957384,
          0.3708595031957384,
          0.3708595031957384,
          0.3708595031957384
        ]
      },
      {
        "N": 8,
        "swd_det": 0.08892968716649098,
        "swd_best": 0.08892968716649098,
        "best_churn": 0.0,
        "predicted_churn": null,
        "gain_factor": 1.0,
        "interior": false,
        "grid": [
          0.0,
          1.2,
          2.4,
          3.6,
          4.8,
          6.0,
          7.2,
          8.4,
          9.6
        ],
        "swd_curve": [
          0.08892968716649098,
          0.11259284723983137,
          0.1406165737999813,
          0.16274930129374107,
          0.16274930129374107,
          0.16274930129374107,
          0.16274930129374107,
          0.16274930129374107,
          0.16274930129374107
        ]
      },
      {
        "N": 12,
        "swd_det": 0.042581476988029165,
        "swd_best": 0.042581476988029165,
        "best_churn": 0.0,
        "predicted_churn": null,
        "gain_factor": 1.0,
        "interior": false,
        "grid": [
          0.0,
          1.8,
          3.6,
          5.4,
          7.2,
          9.0,
          10.8,
          12.6,
          14.4
        ],
        "swd_curve": [
          0.042581476988029165,
          0.048517436092934935,
          0.056015784387298706,
          0.06234010608499576,
          0.06234010608499576,
          0.06234010608499576,
          0.06234010608499576,
          0.06234010608499576,
          0.06234010608499576
        ]
      },
      {
        "N": 16,
        "swd_det": 0.035815758907914184,
        "swd_best": 0.035815758907914184,
        "best_churn": 0.0,
        "predicted_churn": null,
        "gain_factor": 1.0,
        "interior": false,
        "grid": [
          0.0,
          2.4,
          4.8,
          7.2,
          9.6,
          12.0,
          14.4,
          16.8,
          19.2
        ],
        "swd_curve": [
          0.035815758907914184,
          0.03592852440502085,
          0.03905234910725642,
          0.03994437498733958,
          0.03994437498733958,
          0.03994437498733958,
          0.03994437498733958,
          0.03994437498733958,
          0.03994437498733958
        ]
      },
      {
        "N": 24,
        "swd_det": 0.0335535285669463,
        "swd_best": 0.02847550176823938,
        "best_churn": 3.6,
        "predicted_churn": 0.11025756353863425,
        "gain_factor": 1.178329668781141,
        "interior": true,
        "grid": [
          0.0,
          3.6,
          7.2,
          10.8,
          14.4,
          18.0,
          21.6,
          25.2,
          28.8
        ],
        "swd_curve": [
          0.0335535285669463,
          0.02847550176823938,
          0.03576473267104697,
          0.036797245062412075,
          0.036797245062412075,
          0.036797245062412075,
          0.036797245062412075,
          0.036797245062412075,
          0.036797245062412075
        ]
      },
      {
        "N": 36,
        "swd_det": 0.03302965410099234,
        "swd_best": 0.03302965410099234,
        "best_churn": 0.0,
        "predicted_churn": 1.019271539292824,
        "gain_factor": 1.0,
        "interior": false,
        "grid": [
          0.0,
          5.4,
          10.8,
          16.2,
          21.6,
          27.0,
          32.4,
          37.8,
          43.2
        ],
        "swd_curve": [
          0.03302965410099234,
          0.03329907987703112,
          0.03934035622425767,
          0.041639846807219695,
          0.041639846807219695,
          0.041639846807219695,
          0.041639846807219695,
          0.041639846807219695,
          0.041639846807219695
        ]
      },
      {
        "N": 48,
        "swd_det": 0.03290256249965275,
        "swd_best": 0.03290256249965275,
        "best_churn": 0.0,
        "predicted_churn": 1.6877711849698773,
        "gain_factor": 1.0,
        "interior": false,
        "grid": [
          0.0,
          7.2,
          14.4,
          21.6,
          28.8,
          36.0,
          43.2,
          50.4,
          57.6
        ],
        "swd_curve": [
          0.03290256249965275,
          0.03530779943456174,
          0.041591591737423994,
          0.04822972626426941,
          0.04822972626426941,
          0.04822972626426941,
          0.04822972626426941,
          0.04822972626426941,
          0.04822972626426941
        ]
      }
    ]
  }
}