{
  "_saved": "2026-05-30 09:11:10",
  "data": {
    "config": {
      "dps": 40,
      "B": 4.0,
      "s2": 2.0,
      "T": 5.0,
      "lambda_star": 1.2705038278243628,
      "Ns": [
        8,
        16,
        24,
        32,
        48,
        64,
        96,
        128,
        192,
        256,
        384,
        512,
        768,
        1024,
        2048
      ],
      "deltas": [
        0.0,
        0.0001,
        0.001,
        0.01
      ]
    },
    "curves": {
      "delta=0.0": {
        "delta": 0.0,
        "kl0": [
          0.05205037012955643,
          0.02036138225718675,
          0.010666139940699846,
          0.006543405468120413,
          0.003183077807155482,
          0.0018759710627131267,
          0.0008745107987787233,
          0.000504001888624489,
          0.00022957350799792476,
          0.00013074633076918775,
          5.883905269729077e-05,
          3.330506284572817e-05,
          1.4895612576412985e-05,
          8.405226955028432e-06,
          2.1112824929526944e-06
        ],
        "klstar": [
          3.9525632669144377,
          0.004344979028434524,
          0.0006082478403799253,
          0.00016870580175960042,
          2.9720057246109437e-05,
          8.926141844894185e-06,
          1.678449925152465e-06,
          5.186491930582796e-07,
          1.0011087198818598e-07,
          3.13185528363155e-08,
          6.117423884020535e-09,
          1.9248643611078024e-09,
          3.7812461100651057e-10,
          1.1931219828590832e-10,
          7.426397684118553e-12
        ],
        "floor": 2.1112824929526944e-06,
        "n_det_to_floor": 1180.1888473115282,
        "n_star_to_floor": 69.55545081996459,
        "step_saving": 16.967596836749667
      },
      "delta=0.0001": {
        "delta": 0.0001,
        "kl0": [
          0.05167316768955595,
          0.020115117551982316,
          0.01048411877854597,
          0.006399163598957676,
          0.003081280424665609,
          0.0017974143359025827,
          0.0008207115037653573,
          0.0004631960915139784,
          0.0002021980154233675,
          0.0001102565805510798,
          4.535257260246438e-05,
          2.3365215095582815e-05,
          8.532900756422036e-06,
          3.842642634654025e-06,
          2.634764737033369e-07
        ],
        "klstar": [
          3.9405660805662133,
          0.004349564433650253,
          0.0006105209676070647,
          0.00016999098980653395,
          3.028959300640462e-05,
          9.246286931300982e-06,
          1.8216414440777274e-06,
          6.002984045397359e-07,
          1.3800261614496694e-07,
          5.395527324488886e-08,
          1.7889324996258844e-08,
          9.904515039561902e-09,
          5.655629072672149e-09,
          4.453744198734097e-09,
          3.436358860056378e-09
        ],
        "floor": 2.634764737033369e-07,
        "n_det_to_floor": 1541.43957941732,
        "n_star_to_floor": 119.19051724381686,
        "step_saving": 12.932568924624613
      },
      "delta=0.001": {
        "delta": 0.001,
        "kl0": [
          0.04833560080499779,
          0.017962538498219712,
          0.008913612051289457,
          0.005171079713442296,
          0.002237993184730812,
          0.001164858740543231,
          0.00041266459975060837,
          0.00017298769765255925,
          3.379573606232552e-05,
          4.306868162301535e-06,
          2.9229622271672086e-06,
          1.3104378356373721e-05,
          3.071791044631738e-05,
          4.2355574190206026e-05,
          6.340078941304628e-05
        ],
        "klstar": [
          3.8344934518221643,
          0.004390981224927576,
          0.0006311782931263923,
          0.0001817810521526191,
          3.5660254305329765e-05,
          1.2382327304562936e-05,
          3.3745564857682105e-06,
          1.603924987647083e-06,
          7.523281816188228e-07,
          5.332184893806428e-07,
          4.0158694042509926e-07,
          3.605755018371775e-07,
          3.3310762755818753e-07,
          3.23967066490504e-07,
          3.1562221891525755e-07
        ],
        "floor": 6.340078941304628e-05,
        "n_det_to_floor": 124.04435373124312,
        "n_star_to_floor": 31.666835896092763,
        "step_saving": 3.9171691841352683
      },
      "delta=0.01": {
        "delta": 0.01,
        "kl0": [
          0.02079076648814906,
          0.002984097460066672,
          0.00017183335268261733,
          0.00011056239592768371,
          0.0013230064574232473,
          0.0025235313615409533,
          0.004195980043006923,
          0.005229826253899378,
          0.006407644513641846,
          0.007053644912366217,
          0.007739451897312418,
          0.008097709004755631,
          0.008466435435678007,
          0.008654780532052308,
          0.008942339344783928
        ],
        "klstar": [
          2.940557419220312,
          0.0048199983353253975,
          0.0008576254133981336,
          0.0003219398958732794,
          0.00011374520643614685,
          6.909948800343758e-05,
          4.51962788496698e-05,
          3.838745970169096e-05,
          3.409017114794036e-05,
          3.274165496658816e-05,
          3.1874125678446206e-05,
          3.161221909616626e-05,
          3.146161440281701e-05,
          3.1427499115202784e-05,
          3.142735992512765e-05
        ],
        "floor": 0.008942339344783928,
        "n_det_to_floor": null,
        "n_star_to_floor": 13.290685434042635,
        "step_saving": null
      }
    }
  }
}