{
  "_saved": "2026-05-30 12:20:46",
  "data": {
    "config": {
      "B": 4.0,
      "T": 5.0,
      "s2": 2.0,
      "lambda_star": 1.2705038278243628,
      "mus": [
        0.0,
        0.25,
        0.5,
        0.75,
        1.0,
        1.2
      ],
      "Ns": [
        12,
        16,
        24,
        32,
        48,
        64,
        96
      ],
      "lams": [
        0.0,
        0.4,
        0.8,
        1.2705038278243628,
        1.6,
        2.0
      ]
    },
    "rows": [
      {
        "mu": 0.0,
        "sig2": 2.0,
        "best_lam": 1.2705038278243628,
        "order_det": 0.8120388549128497,
        "order_best": 2.311842675793529,
        "order_lamstar": 2.311842675793529,
        "ve_det": [
          0.6242398544927137,
          0.5178001279778062,
          0.3851405170620317,
          0.3063188731449662,
          0.21721161023550284,
          0.16820994902839015,
          0.11586108159916231
        ],
        "ve_best": [
          0.6903031371665147,
          0.275377752015042,
          0.10028046956811743,
          0.052407586241493664,
          0.0218896781429212,
          0.011980295421601728,
          0.00519634290495663
        ],
        "Ns": [
          12,
          16,
          24,
          32,
          48,
          64,
          96
        ]
      },
      {
        "mu": 0.25,
        "sig2": 1.9375,
        "best_lam": 1.2705038278243628,
        "order_det": 0.8121441121715584,
        "order_best": 2.3146664452327386,
        "order_lamstar": 2.3146664452327386,
        "ve_det": [
          0.6242232303692079,
          0.5177711281040369,
          0.3850998860453878,
          0.30627590161670426,
          0.2171716636331562,
          0.16817466737157383,
          0.11583342485597647
        ],
        "ve_best": [
          0.690303721071694,
          0.2751689748470181,
          0.10012181493628258,
          0.05229261131813434,
          0.021818158166655888,
          0.011929184754540412,
          0.0051641886680418025
        ],
        "Ns": [
          12,
          16,
          24,
          32,
          48,
          64,
          96
        ]
      },
      {
        "mu": 0.5,
        "sig2": 1.75,
        "best_lam": 1.2705038278243628,
        "order_det": 0.8137349983180792,
        "order_best": 2.3610803071674553,
        "order_lamstar": 2.3610803071674553,
        "ve_det": [
          0.6239728866421481,
          0.5173331064603888,
          0.38448465897185935,
          0.30562523819655496,
          0.21656766573290875,
          0.16764194007151856,
          0.11541657957277174
        ],
        "ve_best": [
          0.6913045701565332,
          0.27218646407665936,
          0.09777460895559686,
          0.05056561882928623,
          0.020729389194341863,
          0.011145388280223045,
          0.0046673667803203145
        ],
        "Ns": [
          12,
          16,
          24,
          32,
          48,
          64,
          96
        ]
      },
      {
        "mu": 0.75,
        "sig2": 1.4375,
        "best_lam": 1.2705038278243628,
        "order_det": 0.8207639976818419,
        "order_best": 2.6867274395144736,
        "order_lamstar": 2.6867274395144736,
        "ve_det": [
          0.6228851895482157,
          0.5154204940217797,
          0.38178420863367224,
          0.3027672371770129,
          0.21391931003395315,
          0.16531084577265132,
          0.11359788103711899
        ],
        "ve_best": [
          0.7041681678525844,
          0.2604604909866177,
          0.08769592725893993,
          0.04286282718432988,
          0.01567251148798654,
          0.00742162559877535,
          0.0022462923876727103
        ],
        "Ns": [
          12,
          16,
          24,
          32,
          48,
          64,
          96
        ]
      },
      {
        "mu": 1.0,
        "sig2": 1.0,
        "best_lam": 1.2705038278243628,
        "order_det": 0.840613927094755,
        "order_best": 2.8997287870727746,
        "order_lamstar": 2.8997287870727746,
        "ve_det": [
          0.6199591501697501,
          0.5102339152278343,
          0.37438859425327164,
          0.29492242928043333,
          0.2066625914039255,
          0.15894160550314118,
          0.10864963984761622
        ],
        "ve_best": [
          0.7892242963151315,
          0.307332195311961,
          0.061875694794860436,
          0.021653833326493732,
          0.0004954753798225298,
          0.004342503657245533,
          0.005859327841399198
        ],
        "Ns": [
          12,
          16,
          24,
          32,
          48,
          64,
          96
        ]
      },
      {
        "mu": 1.2,
        "sig2": 0.56,
        "best_lam": 1.2705038278243628,
        "order_det": 0.877143786474708,
        "order_best": 1.81439157712362,
        "order_lamstar": 1.81439157712362,
        "ve_det": [
          0.6153307184226002,
          0.5018578865867163,
          0.36207478408526983,
          0.2816780806656527,
          0.19431726498639845,
          0.14810668426618845,
          0.10026453713384731
        ],
        "ve_best": [
          1.0061180532195335,
          0.25964102807941547,
          0.03529432865498805,
          0.0010097276406093592,
          0.017411215956301573,
          0.019580880343248674,
          0.017746660335785425
        ],
        "Ns": [
          12,
          16,
          24,
          32,
          48,
          64,
          96
        ]
      }
    ]
  }
}