{
  "_saved": "2026-05-30 18:52:22",
  "data": {
    "config": {
      "B": 4.0,
      "T": 5.0,
      "s2": 2.0,
      "lambda_star": 1.2705038278243628,
      "Ns": [
        12,
        16,
        24,
        32,
        48,
        64,
        96
      ],
      "lams": [
        0.0,
        0.8,
        1.2705038278243628,
        1.6
      ]
    },
    "rows": [
      {
        "shape": "sym2",
        "order_det": 0.8187369288446572,
        "order_lamstar": 2.5583789161840635,
        "best_lam": 1.2705038278243628,
        "order_best": 2.5583789161840635,
        "improves": true
      },
      {
        "shape": "asym2",
        "order_det": 0.8246080026536717,
        "order_lamstar": 3.3869025735061524,
        "best_lam": 1.2705038278243628,
        "order_best": 3.3869025735061524,
        "improves": true
      },
      {
        "shape": "tri",
        "order_det": 0.8252320784164646,
        "order_lamstar": 3.9513485767262035,
        "best_lam": 1.2705038278243628,
        "order_best": 3.9513485767262035,
        "improves": true
      },
      {
        "shape": "uneqv",
        "order_det": 0.7796572044212756,
        "order_lamstar": 2.003461980517606,
        "best_lam": 1.2705038278243628,
        "order_best": 2.003461980517606,
        "improves": true
      }
    ]
  }
}